"ITV: Albox , Poligono Ind Tardigueras S/N ";"Almería ";"Albox ";"Poligono Ind Tardigueras S/N ";"+34 950 523 401 "
"ITV: Albox , P. I. Albox - Área Servicio al Transporte  ";"Almería ";"Albox ";"P. I. Albox - Área Servicio al Transporte  ";"+34 950 639 663 "
"ITV: Berja , Autovía Mediterráneo, junto cruce Balanegra.  ";"Almería ";"Berja ";"Autovía Mediterráneo, junto cruce Balanegra.  ";"+34 950 579 700 "
"ITV: Huércal de Almería , Calle Castillo De Velez Blanco 3 ";"Almería ";"Huércal de Almería ";"Calle Castillo De Velez Blanco 3 ";"+34 950 301 498 "
"ITV: Huercal de Almería , Ctra. N-340, Km. 121 Paraje de Zamarula  ";"Almería ";"Huercal de Almería ";"Ctra. N-340, Km. 121 Paraje de Zamarula  ";"+34 950 156 410 "
"ITV: Huercal de Almería , Paraje de la Cepa, 50  ";"Almería ";"Huercal de Almería ";"Paraje de la Cepa, 50  ";"+34 950 153 360 "
"ITV: Vélez Rubio , P.I. Vélez Rubio; C/ Industria parcelas 55 B - 56 B  ";"Almería ";"Vélez Rubio ";"P.I. Vélez Rubio; C/ Industria parcelas 55 B - 56 B  ";"+34 950 419 572 "
"ITV: Vera , Autovía Mediterráneo, salida 529, C.N. 340, Km.527  ";"Almería ";"Vera ";"Autovía Mediterráneo, salida 529, C.N. 340, Km.527  ";"+34 950 474 700 "
"ITV: Vícar , Ctra N. 340 - P. I. El Cosario; s/n   ";"Almería ";"Vícar ";"Ctra N. 340 - P. I. El Cosario; s/n   ";"+34 950 153 220 "
"ITV: Algeciras , Calle los Deseos 2 ";"Cádiz ";"Algeciras ";"Calle los Deseos 2 ";"902 221 222 "
"ITV: Cádiz , Calle Alcala De Los Gazules 23 ";"Cádiz ";"Cádiz ";"Calle Alcala De Los Gazules 23 ";"+34 956 252 590 "
"ITV: Chipiona , Ctra. Chipiona a Sanlucar, Km. 11 Ctra. Intercomarcal A-480, Pinar Martin   ";"Cádiz ";"Chipiona ";"Ctra. Chipiona a Sanlucar, Km. 11 Ctra. Intercomarcal A-480, Pinar Martin   ";"+ 34 956 386 61 "
"ITV: El Puerto de Santa María , Carretera Madrid-cadiz S/N ";"Cádiz ";"El Puerto de Santa María ";"Carretera Madrid-cadiz S/N ";"+34 956 860 138 "
"ITV: Jerez de la Frontera , Calle Divina Pastora S/N ";"Cádiz ";"Jerez de la Frontera ";"Calle Divina Pastora S/N ";"+34 956 344 780 "
"ITV: Jerez de la Frontera , P.I.El Portal/Alcalde Manuel Cantos Ropero. ";"Cádiz ";"Jerez de la Frontera ";"P.I.El Portal/Alcalde Manuel Cantos Ropero. ";"+34 956 814 234 "
"ITV: Puerto Real , Poligono Ind Tres Caminos S/N ";"Cádiz ";"Puerto Real ";"Poligono Ind Tres Caminos S/N ";"+34 956 590 708 "
"ITV: San Fernando , C/ Santo Entierro, 28.  ";"Cádiz ";"San Fernando ";"C/ Santo Entierro, 28.  ";"+34 956 818 410 "
"ITV: Villamartín , Lugar Poligono El Chaparral S/N ";"Cádiz ";"Villamartín ";"Lugar Poligono El Chaparral S/N ";"+34 956 715 273 "
"ITV: Villamartín , P. I. El Chaparra, s/n  ";"Cádiz ";"Villamartín ";"P. I. El Chaparra, s/n  ";"+34 956 709 771 "
"ITV: Baena , Área de Tptes. P.I. Los Llanos, s/n ";"Córdoba ";"Baena ";"Área de Tptes. P.I. Los Llanos, s/n ";"+34 957 699 933 "
"ITV: Córdoba , Carretera Silo S/N ";"Córdoba ";"Córdoba ";"Carretera Silo S/N ";"+34 957 567 073 "
"ITV: Córdoba , Calle Ingeniero Torroja Y Miret S/N ";"Córdoba ";"Córdoba ";"Calle Ingeniero Torroja Y Miret S/N ";"+34 957 202 743 "
"ITV: Córdoba , Plaza Poligono Industrial Torre S/N ";"Córdoba ";"Córdoba ";"Plaza Poligono Industrial Torre S/N ";"+34 957 203 742 "
"ITV: Córdoba , Ingeniero Torres Quevedo, s/n.  ";"Córdoba ";"Córdoba ";"Ingeniero Torres Quevedo, s/n.  ";"+34 957 352 590 "
"ITV: Córdoba , Ingeniero Torroja Miret, s/n.  ";"Córdoba ";"Córdoba ";"Ingeniero Torroja Miret, s/n.  ";"+34 957 352 425 "
"ITV: Lucena , Carretera N-331 S/N ";"Córdoba ";"Lucena ";"Carretera N-331 S/N ";"+34 957 596 696 "
"ITV: Lucena , Ctra. N-331 km 69,5 junto al P.I.  ";"Córdoba ";"Lucena ";"Ctra. N-331 km 69,5 junto al P.I.  ";"+34 957 596 694 "
"ITV: Peñarroya-Pueblonuevo , Carretera del Silo S/N ";"Córdoba ";"Peñarroya-Pueblonuevo ";"Carretera del Silo S/N ";"+34 957 567 168 "
"ITV: Peñarroya-Pueblonuevo , Ctra. Al Silo, s/n. Ctra. Prov. 238 s/n ";"Córdoba ";"Peñarroya-Pueblonuevo ";"Ctra. Al Silo, s/n. Ctra. Prov. 238 s/n ";"+34 957 579 620 "
"ITV: Pozoblanco , P. I. Dehesa Boyal, parcela 57. ";"Córdoba ";"Pozoblanco ";"P. I. Dehesa Boyal, parcela 57. ";"+34 957 139 662 "
"ITV: Baza , Carretera Granada S/N ";"Granada ";"Baza ";"Carretera Granada S/N ";"+34 958 342 098 "
"ITV: Loja , Poligono Industrial Manzanil Dos S/N ";"Granada ";"Loja ";"Poligono Industrial Manzanil Dos S/N ";"902575757 "
"ITV: Huelva , Avenida Francisco Montenegro 11 ";"Huelva ";"Huelva ";"Avenida Francisco Montenegro 11 ";"+34 959 258 075 "
"ITV: San Juan del Puerto , Carretera Trigueros De S/N ";"Huelva ";"San Juan del Puerto ";"Carretera Trigueros De S/N ";"+34 959 367 070 "
"ITV: Alcalá la Real , Carretera A-339 P.Km.48'600  ";"Jaén ";"Alcalá la Real ";"Carretera A-339 P.Km.48'600  ";"+34 953 599 630 "
"ITV: Andújar , P.I. Ave María Ctra A-4 km 317  ";"Jaén ";"Andújar ";"P.I. Ave María Ctra A-4 km 317  ";"+34 953 538 310 "
"ITV: Málaga , Calle Diderot 1 ";"Málaga ";"Málaga ";"Calle Diderot 1 ";"+34 952 171 579 "
"ITV: Málaga , C/ Carlo Goldoni, 17 ";"Málaga ";"Málaga ";"C/ Carlo Goldoni, 17 ";"+34 951 917 072 "
"ITV: Málaga , Calle Frigiliana 37 ";"Málaga ";"Málaga ";"Calle Frigiliana 37 ";"+34 952 324 174 "
"ITV: Mijas , Camino Molino de Viento, 16 ";"Málaga ";"Mijas ";"Camino Molino de Viento, 16 ";"951 917 065 "
"ITV: San Pedro de Alcántara , Pol Ind. San Pedro de Alcántara, Parcela 25 ";"Málaga ";"San Pedro de Alcántara ";"Pol Ind. San Pedro de Alcántara, Parcela 25 ";"951 21 69 91 "
"ITV: Alcalá de Guadaira , Ctra. Alcalá - Dos Hermanas, Km 4.5 ";"Sevilla ";"Alcalá de Guadaira ";"Ctra. Alcalá - Dos Hermanas, Km 4.5 ";"955 12 01 47 "
"ITV: Carmona , Poligono Industrial Pilero S/N ";"Sevilla ";"Carmona ";"Poligono Industrial Pilero S/N ";"+34 954 191 299 "
"ITV: Lebrija , Avenida Andalucia 81 ";"Sevilla ";"Lebrija ";"Avenida Andalucia 81 ";"955 139 098 "
"ITV: Morón de la Frontera , P.I. Juan Macho, C/ Serigrafía 6 ";"Sevilla ";"Morón de la Frontera ";"P.I. Juan Macho, C/ Serigrafía 6 ";"955 54 05 34 "
"ITV: Utrera , Poligono El Torno S/N ";"Sevilla ";"Utrera ";"Poligono El Torno S/N ";"+34 954 862 551 "
"ITV: Baza , Autovía A-92 P.K. 194.  ";"Granada ";"Baza ";"Autovía A-92 P.K. 194.  ";"+34 958 869 900 "
"ITV: Granada , Av. de Andalucia, s/n.  ";"Granada ";"Granada ";"Av. de Andalucia, s/n.  ";"+34 958 897 420 "
"ITV: Guadix , Centro de Transporte de Mercancias, junto a la A-92.  ";"Granada ";"Guadix ";"Centro de Transporte de Mercancias, junto a la A-92.  ";"+34 958 699 711 "
"ITV: Huéscar , P.I. La Encantada. ";"Granada ";"Huéscar ";"P.I. La Encantada. ";"+34 958 729 550 "
"ITV: Las Gabias , Ctra Intercomarcal A-338 tramo Las Gabias-La Malahá (Pje de la Crta del Galgo) ";"Granada ";"Las Gabias ";"Ctra Intercomarcal A-338 tramo Las Gabias-La Malahá (Pje de la Crta del Galgo) ";"+34 958 894 562 "
"ITV: Motril , Ctra. Almería, km. 1,3. Apd. Correos 315.  ";"Granada ";"Motril ";"Ctra. Almería, km. 1,3. Apd. Correos 315.  ";"+34 958 649 668 "
"ITV: La Palma del condado , Centro de Serv. y Equip. Comarcal. ";"Huelva ";"La Palma del condado ";"Centro de Serv. y Equip. Comarcal. ";"+34 959 439 741 "
"ITV: Minas de Tharsis , P. I. Santabárbara, ";"Huelva ";"Minas de Tharsis ";"P. I. Santabárbara, ";"+34 959 397 640 "
"ITV: Zalamea la Real , P. I. El Tejarejo (C.N. 435)  ";"Huelva ";"Zalamea la Real ";"P. I. El Tejarejo (C.N. 435)  ";"+34 959 559 631 "
"ITV: Beas de segura , Pol. Industrial Cornicabral s.n. Cl. D  ";"Jaén ";"Beas de segura ";"Pol. Industrial Cornicabral s.n. Cl. D  ";"+34 953 429 667 "
"ITV: Guarromán , P. I. Guadiel, parcela 103 y 104  ";"Jaén ";"Guarromán ";"P. I. Guadiel, parcela 103 y 104  ";"+34 953 609 722 "
"ITV: Jaén , C/ Espeluy, Parcela 21 - Pol. Ind. Los Olivares  ";"Jaén ";"Jaén ";"C/ Espeluy, Parcela 21 - Pol. Ind. Los Olivares  ";"+34 953 313 851 "
"ITV: Quesada , Ctra. Intercomarcal A-315 km 30.7 (Paraje Carasol de la Vega )  ";"Jaén ";"Quesada ";"Ctra. Intercomarcal A-315 km 30.7 (Paraje Carasol de la Vega )  ";"+34 953 717 745 "
"ITV: Úbeda , Ctra Úbeda a Baeza A-316 Km. 0,4  ";"Jaén ";"Úbeda ";"Ctra Úbeda a Baeza A-316 Km. 0,4  ";"+34 953 779 490 "
"ITV: Algarrobo , Ctra Comarcal. MA-103, Km.1,9.  ";"Málaga ";"Algarrobo ";"Ctra Comarcal. MA-103, Km.1,9.  ";"+34 951 289 734 "
"ITV: Antequera , Cruce autovía a Málaga N-331 con N-342  ";"Málaga ";"Antequera ";"Cruce autovía a Málaga N-331 con N-342  ";"+34 952 712 302 "
"ITV: El Palo , C/ Escritor Fuentes y Cerda, 2.  ";"Málaga ";"El Palo ";"C/ Escritor Fuentes y Cerda, 2.  ";"+34 951 924 530 "
"ITV: Estepona , P.I. Estepona; C/ Graham Bell, 15.  ";"Málaga ";"Estepona ";"P.I. Estepona; C/ Graham Bell, 15.  ";"+34 951 975 381 "
"ITV: Guadalhorce , P.I. Guadalhorce, C/ Diderot, 1.  ";"Málaga ";"Guadalhorce ";"P.I. Guadalhorce, C/ Diderot, 1.  ";"+34 951 924 510 "
"ITV: Ronda , P.I. El Fuerte s/n; C/ Guadalquivir, 2.  ";"Málaga ";"Ronda ";"P.I. El Fuerte s/n; C/ Guadalquivir, 2.  ";"+34 952 169 490 "
"ITV: Carmona , P. I. El Pilero, s/n. Aptdo 248.  ";"Sevilla ";"Carmona ";"P. I. El Pilero, s/n. Aptdo 248.  ";"+34 955 623 941 "
"ITV: Cazalla de la Sierra , P. I. El Lagar, s/n. Aptdo C.25.  ";"Sevilla ";"Cazalla de la Sierra ";"P. I. El Lagar, s/n. Aptdo C.25.  ";"+34 955 889 701 "
"ITV: Ècija , Autovía A-4 km 445 - A.C. 259.  ";"Sevilla ";"Ècija ";"Autovía A-4 km 445 - A.C. 259.  ";"+34 955 879 536 "
"ITV: Gelves , Autovía de Sevilla a Coria del Río, Km. 4,5.  ";"Sevilla ";"Gelves ";"Autovía de Sevilla a Coria del Río, Km. 4,5.  ";"+34 955 120 145 "
"ITV: La Rinconada , Ctra. Sevilla-Cazalla km 9 ";"Sevilla ";"La Rinconada ";"Ctra. Sevilla-Cazalla km 9 ";"902 57 57 57 "
"ITV: Osuna , Av. Constitución, s/n (área servicio autovía A-92).  ";"Sevilla ";"Osuna ";"Av. Constitución, s/n (área servicio autovía A-92).  ";"+34 954 822 890 "
"ITV: Sevilla , P.I. El Pino, C/ Pino Central, Parcela 16-18 ";"Sevilla ";"Sevilla ";"P.I. El Pino, C/ Pino Central, Parcela 16-18 ";"+34 955 118 797 "
"ITV: Banaston , Bo La Iglesia 11 ";"Huesca ";"Banaston ";"Bo La Iglesia 11 ";"+34 974 500 909 "
"ITV: Barbastro , Poligono Ind Valle del Cinca 51 ";"Huesca ";"Barbastro ";"Poligono Ind Valle del Cinca 51 ";"+34 974 314 154 "
"ITV: Benasque , P.I. Aria Fluvial AF-6B  ";"Huesca ";"Benasque ";"P.I. Aria Fluvial AF-6B  ";"+34 974 551 286 "
"ITV: Fraga , Ctra. A-2 km 442  ";"Huesca ";"Fraga ";"Ctra. A-2 km 442  ";"+34 974 472 258 "
"ITV: Huesca , Ctra. N-123, km 68,300  ";"Huesca ";"Huesca ";"Ctra. N-123, km 68,300  ";"+34 974 211 476 "
"ITV: Jaca , Calle del Río Lubierre S/N Poligono Industrial de la victoria - 22700 - Jaca ";"Huesca ";"Jaca ";"Calle del Río Lubierre S/N Poligono Industrial de la victoria - 22700 - Jaca ";"974 36 50 90 "
"ITV: Monzón , P. I. Paules parcela 52  ";"Huesca ";"Monzón ";"P. I. Paules parcela 52  ";"+34 974 403 006 "
"ITV: Sabiñánigo , Camino de Aurin S/N ";"Huesca ";"Sabiñánigo ";"Camino de Aurin S/N ";"+34 974 481 919 "
"ITV: Sariñena , Av. Fraga, s/n  ";"Huesca ";"Sariñena ";"Av. Fraga, s/n  ";"+34 974 572 457 "
"ITV: Tamarite de Litera , P.I. Albelda ";"Huesca ";"Tamarite de Litera ";"P.I. Albelda ";"+34 974 421 510 "
"ITV: Alcañiz , Poligono Poligono Industrial Las Horcas S/N ";"Teruel ";"Alcañiz ";"Poligono Poligono Industrial Las Horcas S/N ";"+34 978 835 759 "
"ITV: Alcañiz , Pgno. Las Horcas ";"Teruel ";"Alcañiz ";"Pgno. Las Horcas ";"+34 978 831 330 "
"ITV: Andorra , Pgno. Industrial La Estación  ";"Teruel ";"Andorra ";"Pgno. Industrial La Estación  ";"+34 607 263 506 "
"ITV: Calaceite , Calle las Lagunas S/N ";"Teruel ";"Calaceite ";"Calle las Lagunas S/N ";"+34 978 851 852 "
"ITV: Calamocha , Polígono Agroalimentario s/n  ";"Teruel ";"Calamocha ";"Polígono Agroalimentario s/n  ";"+34 978 731 473 "
"ITV: Cantavieja , Ctra. Fortanete; Polígono 31, parcela 92.  ";"Teruel ";"Cantavieja ";"Ctra. Fortanete; Polígono 31, parcela 92.  ";"+34 964 763 029 "
"ITV: Montalbán , Pol. Ind. Cuencas Mineras parcela nº 5  ";"Teruel ";"Montalbán ";"Pol. Ind. Cuencas Mineras parcela nº 5  ";"+34 978 750 488 "
"ITV: Sarrión , Ctra. Sagunto; Polígono 29, parcela 58.  ";"Teruel ";"Sarrión ";"Ctra. Sagunto; Polígono 29, parcela 58.  ";"+34 978 781 281 "
"ITV: Teruel , P.I. La Paz; C/ O, parcela 231.  ";"Teruel ";"Teruel ";"P.I. La Paz; C/ O, parcela 231.  ";"+34 978 602 964 "
"ITV: Calatayud , P. I. La Charluca, parcela 24  ";"Zaragoza ";"Calatayud ";"P. I. La Charluca, parcela 24  ";"+34 976 885 37 "
"ITV: Cariñena , Calle Veguilla 2 ";"Zaragoza ";"Cariñena ";"Calle Veguilla 2 ";"+34 976 620 003 "
"ITV: Caspe , Ctra. acceso P.I. El Castillo  ";"Zaragoza ";"Caspe ";"Ctra. acceso P.I. El Castillo  ";"+34 976 631 64 "
"ITV: Ejea de los Caballeros , P.I.Valdeferrín, parcela 43  ";"Zaragoza ";"Ejea de los Caballeros ";"P.I.Valdeferrín, parcela 43  ";"+34 976 664 451 "
"ITV: Ejea de los Caballeros , Poligono Calle-tres P I Valdeferrin 43 ";"Zaragoza ";"Ejea de los Caballeros ";"Poligono Calle-tres P I Valdeferrin 43 ";"+34 976 663 540 "
"ITV: Quito del Ebro , P.I. El Bolar  ";"Zaragoza ";"Quito del Ebro ";"P.I. El Bolar  ";"+34 976 174 072 "
"ITV: Tarazona , P. I. Tarazona  ";"Zaragoza ";"Tarazona ";"P. I. Tarazona  ";"+34 976 644 050 "
"ITV: Utebo , Ctra. Logroño, Km. 12,600  ";"Zaragoza ";"Utebo ";"Ctra. Logroño, Km. 12,600  ";"+34 976 785 474 "
"ITV: Zaragoza , Calle D 24 ";"Zaragoza ";"Zaragoza ";"Calle D 24 ";"+34 976 457 627 "
"ITV: Zaragoza , P.I. Malpica; C/ D, parcela 24  ";"Zaragoza ";"Zaragoza ";"P.I. Malpica; C/ D, parcela 24  ";"+34 976 570 818 "
"ITV: Zaragoza , Ronda de la Feria de Muestras, 6 ";"Zaragoza ";"Zaragoza ";"Ronda de la Feria de Muestras, 6 ";"+34 976 274 833 "
"ITV: Avilés , Travesia Industria De La 53 ";"Asturias ";"Avilés ";"Travesia Industria De La 53 ";"+34 985 520 228 "
"ITV: Cangas del Narcea , Avenida Alejandro Casona S/N ";"Asturias ";"Cangas del Narcea ";"Avenida Alejandro Casona S/N ";"+34 985 810 605 "
"ITV: El entrego , Poligono Ind. La Central S/N ";"Asturias ";"El entrego ";"Poligono Ind. La Central S/N ";"+34 985 661 100 "
"ITV: Gijón , Camino Melon Del S/N ";"Asturias ";"Gijón ";"Camino Melon Del S/N ";"+34 985 300 103 "
"ITV: Jarrio , P. I. Río Pinto S/N ";"Asturias ";"Jarrio ";"P. I. Río Pinto S/N ";"+34 985 473 383 "
"ITV: Llanera , Ctra. N-630; C/ Pruvia de Abajo, 89 ";"Asturias ";"Llanera ";"Ctra. N-630; C/ Pruvia de Abajo, 89 ";"+34 985 263 317 "
"ITV: Llovio-Ribadesella , Poligono de Guadamia S/N ";"Asturias ";"Llovio-Ribadesella ";"Poligono de Guadamia S/N ";"+34 985 860 004 "
"ITV: Mieres , P. I. Fábrica de Mieres  ";"Asturias ";"Mieres ";"P. I. Fábrica de Mieres  ";"+34 985 451 815 "
"ITV: Siero , Pol. Natalio, C/ Hermanos Quirós Río, 2 ";"Asturias ";"Siero ";"Pol. Natalio, C/ Hermanos Quirós Río, 2 ";"985 79 12 94 "
"ITV: Santa Gertrudis , Ctra. San Miguel, Km. 2 ";"Ibiza ";"Santa Gertrudis ";"Ctra. San Miguel, Km. 2 ";"+34 971 315 976 "
"ITV: Inca , Carretera Palma Alcudia S/N ";"Mallorca ";"Inca ";"Carretera Palma Alcudia S/N ";"+34 902 300 368 "
"ITV: Inca , Ctra. Palma a Alcudia, Km 30.  ";"Mallorca ";"Inca ";"Ctra. Palma a Alcudia, Km 30.  ";"+34 971 505 812 "
"ITV: Manacor , Oliveristes S/N ";"Mallorca ";"Manacor ";"Oliveristes S/N ";"+34 971 555 457 "
"ITV: Palma de Mallorca (Mallorca) , ";"Mallorca ";"Palma de Mallorca (Mallorca) ";;"902 300 368 "
"ITV: Palma de Mallorca (Mallorca) , Reis S/N ";"Mallorca ";"Palma de Mallorca (Mallorca) ";"Reis S/N ";"+34 971 297 906 "
"ITV: Palma de Mallorca (Mallorca) , :Cami Son Fangos, 156.  ";"Mallorca ";"Palma de Mallorca (Mallorca) ";":Cami Son Fangos, 156.  ";"+34 971 265 012 "
"ITV: Palma de Mallorca (Mallorca) , Son Fangos S/N ";"Mallorca ";"Palma de Mallorca (Mallorca) ";"Son Fangos S/N ";"+34 971 269 500 "
"ITV: Palma de Mallorca (Mallorca) , P.I. Son Castelló, s/n  ";"Mallorca ";"Palma de Mallorca (Mallorca) ";"P.I. Son Castelló, s/n  ";"+34 971 757 557 "
"ITV: Ciutadella de Menorca , General Mao - Ciutadella 42 ";"Menorca ";"Ciutadella de Menorca ";"General Mao - Ciutadella 42 ";"+34 971 480 044 "
"ITV: Mahón , Bajoli 40 ";"Menorca ";"Mahón ";"Bajoli 40 ";"+34 971 354 502 "
"ITV: Valverde , Camino La Iglesia (san Andres) 2 ";"El Hierro ";"Valverde ";"Camino La Iglesia (san Andres) 2 ";"+34 922 550 608 "
"ITV: Valverde , C/ Iglesia de San Andrés, 2 (EL HIERRO)  ";"El Hierro ";"Valverde ";"C/ Iglesia de San Andrés, 2 (EL HIERRO)  ";"+34 922 551 451 "
"ITV: Antigua , Carretera General del Sur S/N ";"Fuerteventura ";"Antigua ";"Carretera General del Sur S/N ";"+34 928 878 145 "
"ITV: Agüimes , Calle de Los Algarrobos s/n (polígono industrial de Arinaga) ";"Gran Canaria ";"Agüimes ";"Calle de Los Algarrobos s/n (polígono industrial de Arinaga) ";"+34 928 182 020 "
"ITV: Fuerteventura , Ctra. Gral. Del Sur, Km. 21,800. (ANTIGUA)  ";"Gran Canaria ";"Fuerteventura ";"Ctra. Gral. Del Sur, Km. 21,800. (ANTIGUA)  ";"+34 928 878 145 "
"ITV: Las Palmas de Gran Canaria , Calle Arguineguín 20 (polígono industrial Las Torres) > Isla de Gran Canaria ";"Gran Canaria ";"Las Palmas de Gran Canaria ";"Calle Arguineguín 20 (polígono industrial Las Torres) > Isla de Gran Canaria ";"+34 928 480 751 "
"ITV: Las Palmas de Gran Canaria , Calle de Arrecife 24 (polígono industrial Lomo Blanco) > Isla de Gran Canaria ";"Gran Canaria ";"Las Palmas de Gran Canaria ";"Calle de Arrecife 24 (polígono industrial Lomo Blanco) > Isla de Gran Canaria ";"+34 928 481 096 "
"ITV: Las Palmas de Gran Canaria , Calle Ayagaures S/N ";"Gran Canaria ";"Las Palmas de Gran Canaria ";"Calle Ayagaures S/N ";"+34 928 485 198 "
"ITV: Las Palmas de Gran Canaria , Calle Artenara S/N ";"Gran Canaria ";"Las Palmas de Gran Canaria ";"Calle Artenara S/N ";"+34 928 480 848 "
"ITV: Las Palmas de Gran Canaria , Av. Venezuela, 15 ( EL PASO ) ";"Gran Canaria ";"Las Palmas de Gran Canaria ";"Av. Venezuela, 15 ( EL PASO ) ";"+34 922 485 952 "
"ITV: Las Palmas de Gran Canaria , Ctra. Gral. Del Norte, Km. 24. ( SANTA MARIA DE GUIA )  ";"Gran Canaria ";"Las Palmas de Gran Canaria ";"Ctra. Gral. Del Norte, Km. 24. ( SANTA MARIA DE GUIA )  ";"+34 928 550 153 "
"ITV: Las Palmas de Gran Canaria , Ctra. Jinamar a Telde, Km.10; Maipez. (TELDE)  ";"Gran Canaria ";"Las Palmas de Gran Canaria ";"Ctra. Jinamar a Telde, Km.10; Maipez. (TELDE)  ";"+34 928 710 203 "
"ITV: Las Palmas de Gran Canaria , P.I. de Arinaga, parcela 193 ( AGÜIMES )  ";"Gran Canaria ";"Las Palmas de Gran Canaria ";"P.I. de Arinaga, parcela 193 ( AGÜIMES )  ";"+34 928 182 020 "
"ITV: Telde , Ángel Guimerá s/n (polígono industrial Mapiez) > Isla de Gran Canaria ";"Gran Canaria ";"Telde ";"Ángel Guimerá s/n (polígono industrial Mapiez) > Isla de Gran Canaria ";"+34 928 710 203 "
"ITV: San Sebastián de la Gomera , Calle Bco. Cno. Vecinal S/N ";"La Gomera ";"San Sebastián de la Gomera ";"Calle Bco. Cno. Vecinal S/N ";"+34 922 871 685 "
"ITV: San Sebastián de la Gomera , Av. José Aguiar, s/n transversal. (SAN SEBASTIÁN DE LA GOMERA)  ";"La Gomera ";"San Sebastián de la Gomera ";"Av. José Aguiar, s/n transversal. (SAN SEBASTIÁN DE LA GOMERA)  ";"+34 922 870 138 "
"ITV: El Paso , Avda. Venezuela 15  ";"La Palma ";"El Paso ";"Avda. Venezuela 15  ";"+34 922 485 952 "
"ITV: Arrecife , Carretera San Bartolome ";"Lanzarote ";"Arrecife ";"Carretera San Bartolome ";"+34 928 811 473 "
"ITV: Arafo , P.I. Valle de Güímar, manzana 7, parcela 15 ";"Tenerife ";"Arafo ";"P.I. Valle de Güímar, manzana 7, parcela 15 ";"+34 TENERIFE  "
"ITV: El Rosario , P.I. La Campana; Ctra. Chorrillo km 7. (EL ROSARIO)  ";"Tenerife ";"El Rosario ";"P.I. La Campana; Ctra. Chorrillo km 7. (EL ROSARIO)  ";"+34 922 624 362 "
"ITV: Los Realejos , San Benito, 8. ";"Tenerife ";"Los Realejos ";"San Benito, 8. ";"+34 922 353 401 "
"ITV: Los Realejos , Calle Anaga 8 ";"Tenerife ";"Los Realejos ";"Calle Anaga 8 ";"+34 922 347 055 "
"ITV: San Miguel de Abona , Poligono Industrial Chafiras S/N ";"Tenerife ";"San Miguel de Abona ";"Poligono Industrial Chafiras S/N ";"+34 922 735 088 "
"ITV: Tenerife , General de Servicios ITV S.A. Pol&iacute;gono Industrial La Campana-El Chorrillo C/ Gestur n&ordm; 4 38109 El Rosario, Santa Cruz de Tenerife &nbsp; ";"Tenerife ";"Tenerife ";"General de Servicios ITV S.A. Pol&iacute;gono Industrial La Campana-El Chorrillo C/ Gestur n&ordm; 4 38109 El Rosario, Santa Cruz de Tenerife &nbsp; ";"+34 922 619 322 "
"ITV: PLAYA HONDA , CALLE CANTO EL JABLE Nº7 ";"LAS PALMAS ";"PLAYA HONDA ";"CALLE CANTO EL JABLE Nº7 ";"928582555 "
"ITV: Camargo , Grupo Polg Raos S/N ";"Cantabria ";"Camargo ";"Grupo Polg Raos S/N ";"+34 942 369 044 "
"ITV: Castro-Urdiales , Calle la Ronda 1 ";"Cantabria ";"Castro-Urdiales ";"Calle la Ronda 1 ";"No disponible "
"ITV: Liébana , C/ La Vedreña 19 Carretera N-621 Km. 149,5 Castro Cillorigo. 39584 LIÉBANA  ";"Cantabria ";"Liébana ";"C/ La Vedreña 19 Carretera N-621 Km. 149,5 Castro Cillorigo. 39584 LIÉBANA  ";"+34 942 738 153 "
"ITV: Los Corrales de Buelna , POLIGONO INDUSTRIAL DE BARROS Parcela 19. 39400 LOS CORRALES DE BUELNA ";"Cantabria ";"Los Corrales de Buelna ";"POLIGONO INDUSTRIAL DE BARROS Parcela 19. 39400 LOS CORRALES DE BUELNA ";"+34 942 831 280 "
"ITV: Maliaño , POLIGONO DE RAOS, P-10 39600 MALIAÑO ";"Cantabria ";"Maliaño ";"POLIGONO DE RAOS, P-10 39600 MALIAÑO ";"+34 942 369 044 "
"ITV: Val de San Vicente , POLIGONO INDUSTRIAL LOS TANAGOS Parcela 7 Prellezo. 39548 VAL DE SAN VICENTE  ";"Cantabria ";"Val de San Vicente ";"POLIGONO INDUSTRIAL LOS TANAGOS Parcela 7 Prellezo. 39548 VAL DE SAN VICENTE  ";"+34 942 718 172 "
"ITV: Albacete , Poligono Campollano S/N ";"Albacete ";"Albacete ";"Poligono Campollano S/N ";"+34 967 210 974 "
"ITV: Albacete , Calle Casas Ibañez S/N ";"Albacete ";"Albacete ";"Calle Casas Ibañez S/N ";"+34 967 212 876 "
"ITV: Albacete , Calle Casas Ibañez 3 ";"Albacete ";"Albacete ";"Calle Casas Ibañez 3 ";"+34 967 215 973 "
"ITV: Albacete , C/ Autovía s/nº 02007-ALBACETE  ";"Albacete ";"Albacete ";"C/ Autovía s/nº 02007-ALBACETE  ";"+34 967 668 926 "
"ITV: Albacete , Ctra. Mahora, Km. 3,5  ";"Albacete ";"Albacete ";"Ctra. Mahora, Km. 3,5  ";"+34 967 215 973 "
"ITV: Almansa , P.I. Mugrón; C/ Aparadoras, 7 ";"Albacete ";"Almansa ";"P.I. Mugrón; C/ Aparadoras, 7 ";"+34 967 311 386 "
"ITV: Hellín , P. I. Hellín, parcela 45  ";"Albacete ";"Hellín ";"P. I. Hellín, parcela 45  ";"+34 967 305 410 "
"ITV: La Roda , Calle Sisante 29 ";"Albacete ";"La Roda ";"Calle Sisante 29 ";"+34 967 548 275 "
"ITV: Villarrobledo , Carretera Tomelloso S/N ";"Albacete ";"Villarrobledo ";"Carretera Tomelloso S/N ";"+34 967 145 362 "
"ITV: Alcázar de San Juan , Avenida de Los Institutos S/N ";"Ciudad Real ";"Alcázar de San Juan ";"Avenida de Los Institutos S/N ";"+34 926 546 650 "
"ITV: Ciudad Real , Avenida Rey Santo 3 ";"Ciudad Real ";"Ciudad Real ";"Avenida Rey Santo 3 ";"+34 926 232 439 "
"ITV: Ciudad Real , Carretera Carrion 37 ";"Ciudad Real ";"Ciudad Real ";"Carretera Carrion 37 ";"+34 926 250 340 "
"ITV: Ciudad Real , P. I. Avanzado Avda. de La Ciencia, s/n 13.005 Ciudad Real   ";"Ciudad Real ";"Ciudad Real ";"P. I. Avanzado Avda. de La Ciencia, s/n 13.005 Ciudad Real   ";"+34 926 212 800 "
"ITV: Daimiel , Calle Herreros S/N ";"Ciudad Real ";"Daimiel ";"Calle Herreros S/N ";"+34 926 855 052 "
"ITV: Manzanares , Poligono Industrial(3-2) S/N ";"Ciudad Real ";"Manzanares ";"Poligono Industrial(3-2) S/N ";"+34 926 22 97 8 "
"ITV: Manzanares , P.I. Manzanares, 2ª FASE, parcela R-111 ";"Ciudad Real ";"Manzanares ";"P.I. Manzanares, 2ª FASE, parcela R-111 ";"+34 926 612 393 "
"ITV: Miguelturra , P.I. La Estrella; c/ Herreros esq. Toneleros. ";"Ciudad Real ";"Miguelturra ";"P.I. La Estrella; c/ Herreros esq. Toneleros. ";"+34 926 233 802 "
"ITV: Puertollano , Poligono Ind Sepes Parcela S/N ";"Ciudad Real ";"Puertollano ";"Poligono Ind Sepes Parcela S/N ";"+34 926 429 962 "
"ITV: Puertollano , P.I. Puertollano, parcela 601. ";"Ciudad Real ";"Puertollano ";"P.I. Puertollano, parcela 601. ";"+34 926 441 205 "
"ITV: Valdepeñas , Calle del Fudre 6 ";"Ciudad Real ";"Valdepeñas ";"Calle del Fudre 6 ";"+34 926 347 779 "
"ITV: Cuenca , P. I. Los Palancares, parcela 4   ";"Cuenca ";"Cuenca ";"P. I. Los Palancares, parcela 4   ";"+34 969 213 553 "
"ITV: Las Pedroñeras , Juan De La Cierva 89 ";"Cuenca ";"Las Pedroñeras ";"Juan De La Cierva 89 ";"+34 967 162 128 "
"ITV: Motilla del Palancar , Ctra. Valencia, 80 -Travesía.  ";"Cuenca ";"Motilla del Palancar ";"Ctra. Valencia, 80 -Travesía.  ";"+34 969 332 033 "
"ITV: Motilla del Palancar , Carretera Valencia 62 ";"Cuenca ";"Motilla del Palancar ";"Carretera Valencia 62 ";"+34 969 332 033 "
"ITV: Motilla del Palancar , Ctra. N-320, Km.71. ";"Cuenca ";"Motilla del Palancar ";"Ctra. N-320, Km.71. ";"+34 969 333 399 "
"ITV: Tarancón , Polígono Industrial Tarancón Sur. C/. Aliagares s/n. ";"Cuenca ";"Tarancón ";"Polígono Industrial Tarancón Sur. C/. Aliagares s/n. ";"+34 969 137 681 "
"ITV: Alcolea del Pinar , Ctra. C-114 km 0,400.  ";"Guadalajara ";"Alcolea del Pinar ";"Ctra. C-114 km 0,400.  ";"+34 949 300 380 "
"ITV: Azuqueca de Henares , Calle las Ondas 3 ";"Guadalajara ";"Azuqueca de Henares ";"Calle las Ondas 3 ";"+34 949 348 019 "
"ITV: Guadalajara , Calle Trafalgar 18 ";"Guadalajara ";"Guadalajara ";"Calle Trafalgar 18 ";"+34 949 208 532 "
"ITV: Casarrubios del Monte , Carretera Nal. V ";"Toledo ";"Casarrubios del Monte ";"Carretera Nal. V ";"+34 918 182 937 "
"ITV: Illescas , Avda. Los Gremios, 27-29. Pol. Ind. La Veredilla. Salida 35 (Sentido Yeles) de A42.  ";"Toledo ";"Illescas ";"Avda. Los Gremios, 27-29. Pol. Ind. La Veredilla. Salida 35 (Sentido Yeles) de A42.  ";"+34 925 50 11 5 "
"ITV: Los Yébenes , Carretera Toledo Ciudad Real S/N ";"Toledo ";"Los Yébenes ";"Carretera Toledo Ciudad Real S/N ";"+34 925 320 876 "
"ITV: Los Yébenes , Ctra. N-401, Km. 114,700.  ";"Toledo ";"Los Yébenes ";"Ctra. N-401, Km. 114,700.  ";"+34 925 321 002 "
"ITV: Maqueda , Avenida Madrid ";"Toledo ";"Maqueda ";"Avenida Madrid ";"+34 925 790 157 "
"ITV: Maqueda , N-V km 74  ";"Toledo ";"Maqueda ";"N-V km 74  ";"+34 925 790 991 "
"ITV: Ocaña , Ctra A-4 km 57,400.  ";"Toledo ";"Ocaña ";"Ctra A-4 km 57,400.  ";"+34 925 131 077 "
"ITV: Olías del rey , A-42 km. 59, 2ª fase de medianas, parcela MS-22.  ";"Toledo ";"Olías del rey ";"A-42 km. 59, 2ª fase de medianas, parcela MS-22.  ";"+34 925 491 534 "
"ITV: Quintanar de la Orden , P.I.2ª fase; C/ D, parcelas 2 y 3  ";"Toledo ";"Quintanar de la Orden ";"P.I.2ª fase; C/ D, parcelas 2 y 3  ";"+34 925 560 161 "
"ITV: Seseña , Camino Ciempozuelos S/N ";"Toledo ";"Seseña ";"Camino Ciempozuelos S/N ";"+34 918 391 107 "
"ITV: Talavera de la reina , Ctra. A-5 km 113.  ";"Toledo ";"Talavera de la reina ";"Ctra. A-5 km 113.  ";"+34 925 801 990 "
"ITV: Talavera de la reina , P. I. Torrehierro parcela 232   ";"Toledo ";"Talavera de la reina ";"P. I. Torrehierro parcela 232   ";"+34 925 841 201 "
"ITV: Toledo , Carretera Toledo Ocaña 8 ";"Toledo ";"Toledo ";"Carretera Toledo Ocaña 8 ";"+34 925 241 209 "
"ITV: Toledo , Travesia Gregorio Ramirez 3 ";"Toledo ";"Toledo ";"Travesia Gregorio Ramirez 3 ";"+34 925 283 222 "
"ITV: Toledo , P.I. Ntra. Sra. de Bequerencia; C/ Jarama, 112  ";"Toledo ";"Toledo ";"P.I. Ntra. Sra. de Bequerencia; C/ Jarama, 112  ";"+34 925 230 06 "
"ITV: Torrijos , P.I. La Atalaya, c/ Alfareros, 10 - 45500 Torrijos, Toledo  ";"Toledo ";"Torrijos ";"P.I. La Atalaya, c/ Alfareros, 10 - 45500 Torrijos, Toledo  ";"+34 925 764 377 "
"ITV: Valmojado , Calle la Luna 5 ";"Toledo ";"Valmojado ";"Calle la Luna 5 ";"+34 918 170 458 "
"ITV: Yuncler , P. I. Las Atalayas; C/ Automóvil, 76-78.  ";"Toledo ";"Yuncler ";"P. I. Las Atalayas; C/ Automóvil, 76-78.  ";"+34 925 530 851 "
"ITV: Arévalo , P.I.Tierras de Arévalo, parcela J-2 ";"Ávila ";"Arévalo ";"P.I.Tierras de Arévalo, parcela J-2 ";"+34 920 303 358 "
"ITV: Arévalo , Calle Madrigal De Las A. Torres 25 ";"Ávila ";"Arévalo ";"Calle Madrigal De Las A. Torres 25 ";"+34 920 303 742 "
"ITV: Ávila , Ctra. Avila-Burgohondo, Km. 2,4 ";"Ávila ";"Ávila ";"Ctra. Avila-Burgohondo, Km. 2,4 ";"+34 920 221 112 "
"ITV: Aranda de Duero , Ctra. N-I, Km. 161 ";"Burgos ";"Aranda de Duero ";"Ctra. N-I, Km. 161 ";"+34 947 507 399 "
"ITV: Burgos , Calle Miranda 17 ";"Burgos ";"Burgos ";"Calle Miranda 17 ";"+34 947 264 778 "
"ITV: Burgos , P. I. de Villalonquejar  ";"Burgos ";"Burgos ";"P. I. de Villalonquejar  ";"+34 947 298 280 "
"ITV: Miranda de Ebro , P.I. de Bayas, parcela 33   ";"Burgos ";"Miranda de Ebro ";"P.I. de Bayas, parcela 33   ";"+34 947 325 952 "
"ITV: Villasante Montija , Ctra. Burgos a Santoña, Km. 38,5 ";"Burgos ";"Villasante Montija ";"Ctra. Burgos a Santoña, Km. 38,5 ";"+34 947 140 239 "
"ITV: Astorga , Calle G S/N ";"León ";"Astorga ";"Calle G S/N ";"+34 987 602 788 "
"ITV: Calambros , Ctra. Zamora, Km. 11. ";"León ";"Calambros ";"Ctra. Zamora, Km. 11. ";"+34 987 303 BRA "
"ITV: Onzonilla , Carretera Zamora S/N ";"León ";"Onzonilla ";"Carretera Zamora S/N ";"+34 987 303 860 "
"ITV: Onzonilla , P. I. Onzonilla, parcela G-20.  ";"León ";"Onzonilla ";"P. I. Onzonilla, parcela G-20.  ";"+34 987 218 225 "
"ITV: Ponferrada , Ctra. N-VI, Km. 390.  ";"León ";"Ponferrada ";"Ctra. N-VI, Km. 390.  ";"+34 987 455 651 "
"ITV: Cervera de Pisuerga , Carretera Aguilar S/N ";"Palencia ";"Cervera de Pisuerga ";"Carretera Aguilar S/N ";"+34 979 870 777 "
"ITV: Cervera de Pisuerga , Ctra. Cervera a Aguilar, Km. 1 ";"Palencia ";"Cervera de Pisuerga ";"Ctra. Cervera a Aguilar, Km. 1 ";"+34 979 870 906 "
"ITV: Palencia , P.I. Villalobón; C/ Andalucía, 5 y 7  ";"Palencia ";"Palencia ";"P.I. Villalobón; C/ Andalucía, 5 y 7  ";"+34 979 727 508 "
"ITV: Béjar , Ctra. N-630, Km. 410,5 de Peña Caballera ";"Salamanca ";"Béjar ";"Ctra. N-630, Km. 410,5 de Peña Caballera ";"+34 923 411 500 "
"ITV: Carbajosa Sagrada , P.I. Montalvo; C/ C, parcela 22 ";"Salamanca ";"Carbajosa Sagrada ";"P.I. Montalvo; C/ C, parcela 22 ";"+34 923 190 274 "
"ITV: Castellanos de Moriscos , P.I. ; C/ A, parcelas 108 y 109   ";"Salamanca ";"Castellanos de Moriscos ";"P.I. ; C/ A, parcelas 108 y 109   ";"+34 923 361 435 "
"ITV: Ciudad Rodrigo , P. I. Las Viñas; C/ Uno, parcela 77   ";"Salamanca ";"Ciudad Rodrigo ";"P. I. Las Viñas; C/ Uno, parcela 77   ";"+34 923 463 014 "
"ITV: Cuéllar , Ctra. CL-601 km 45,800 ";"Segovia ";"Cuéllar ";"Ctra. CL-601 km 45,800 ";"+34 921 142 429 "
"ITV: El Espinar , Carretera N- Vi Pk 67 ";"Segovia ";"El Espinar ";"Carretera N- Vi Pk 67 ";"+34 685 946 724 "
"ITV: Valverde del Majano , Calle Nicomedes Garcia S/N ";"Segovia ";"Valverde del Majano ";"Calle Nicomedes Garcia S/N ";"+34 921 490 664 "
"ITV: Valverde del Majano , P.I. Nicomedes Gª; C/ El Fresno, 61 - sector C  ";"Segovia ";"Valverde del Majano ";"P.I. Nicomedes Gª; C/ El Fresno, 61 - sector C  ";"+34 921 490 023 "
"ITV: Burgo De Osma-Ciudad De Osma , Calle Universidad 112 ";"Soria ";"Burgo De Osma-Ciudad De Osma ";"Calle Universidad 112 ";"+34 975 360 217 "
"ITV: Soria , Ctra. De las Casas, s/n. ";"Soria ";"Soria ";"Ctra. De las Casas, s/n. ";"+34 975 227 140 "
"ITV: Tordesillas , P.I. La Vega, parcela 5  ";"Valladolid ";"Tordesillas ";"P.I. La Vega, parcela 5  ";"+34 983 771 151 "
"ITV: Valladolid , Calle Acero S/N ";"Valladolid ";"Valladolid ";"Calle Acero S/N ";"+34 983 292 911 "
"ITV: Valladolid , Carretera Rueda 184 ";"Valladolid ";"Valladolid ";"Carretera Rueda 184 ";"+34 983 274 031 "
"ITV: Valladolid , P.I. Argales; C/ Vázquez Menchaca, 2.  ";"Valladolid ";"Valladolid ";"P.I. Argales; C/ Vázquez Menchaca, 2.  ";"+34 983 231 301 "
"ITV: Benavente , Ctra. A-6 km 261 ";"Zamora ";"Benavente ";"Ctra. A-6 km 261 ";"+34 980 636 799 "
"ITV: Morales del Vino , Carretera Salamanca S/N ";"Zamora ";"Morales del Vino ";"Carretera Salamanca S/N ";"+34 980 570 249 "
"ITV: Puebla de Sanabria , Carretera Lago S/N ";"Zamora ";"Puebla de Sanabria ";"Carretera Lago S/N ";"+34 980 620 286 "
"ITV: Argentona , Poligono Ind El Cros S/N ";"Barcelona ";"Argentona ";"Poligono Ind El Cros S/N ";"902 930 200 "
"ITV: Badalona , C/ Industria, 427 ";"Barcelona ";"Badalona ";"C/ Industria, 427 ";"902 930 200 "
"ITV: Barcelona , c/ Ávila, 130-134 ";"Barcelona ";"Barcelona ";"c/ Ávila, 130-134 ";"+34 902 790 791 "
"ITV: Barcelona , c/ Córsega, 384-392 ";"Barcelona ";"Barcelona ";"c/ Córsega, 384-392 ";"+34 902 790 791 "
"ITV: Barcelona , Carrer Tuset 32 ";"Barcelona ";"Barcelona ";"Carrer Tuset 32 ";"+34 934 157 444 "
"ITV: Barcelona , Pje Puigmadrona 9-15  ";"Barcelona ";"Barcelona ";"Pje Puigmadrona 9-15  ";"+34 934 460 585 "
"ITV: Barcelona , Carrer Diputacio 162 ";"Barcelona ";"Barcelona ";"Carrer Diputacio 162 ";"+34 934 546 798 "
"ITV: Barcelona , Carrer Selva De Mar 16 ";"Barcelona ";"Barcelona ";"Carrer Selva De Mar 16 ";"+34 933 563 696 "
"ITV: Barcelona , Carrer Corsega 384 ";"Barcelona ";"Barcelona ";"Carrer Corsega 384 ";"+34 934 574 794 "
"ITV: Barcelona , C/ Caracas 10 B ";"Barcelona ";"Barcelona ";"C/ Caracas 10 B ";"+34 902 790 791 "
"ITV: Barcelona , c/Avila 126-138 ";"Barcelona ";"Barcelona ";"c/Avila 126-138 ";"+34 933 003 784 "
"ITV: Barcelona , C/ Motores 136 ";"Barcelona ";"Barcelona ";"C/ Motores 136 ";"+34 902 127 600 "
"ITV: Berga , Camino de Sant Bertomeu, s/n - Parcela núm. 1 Polígono Industrial ""La Valldan"" ";"Barcelona ";"Berga ";"Camino de Sant Bertomeu, s/n - Parcela núm. 1 Polígono Industrial ""La Valldan"" ";"+34 902 790 791 "
"ITV: Berga , P.I. Valldan, parcela 1ª, num 1  ";"Barcelona ";"Berga ";"P.I. Valldan, parcela 1ª, num 1  ";"+34 902 127 600 "
"ITV: Cornellà de Llobregat , Passeig Campsa 64 ";"Barcelona ";"Cornellà de Llobregat ";"Passeig Campsa 64 ";"+34 934 800 768 "
"ITV: Granollers , P.I. Congost; Av. S. Julia, 253-255 ";"Barcelona ";"Granollers ";"P.I. Congost; Av. S. Julia, 253-255 ";"902 930 200 "
"ITV: Igualada , Carrer Paisos Baixos 18 ";"Barcelona ";"Igualada ";"Carrer Paisos Baixos 18 ";"902 930 200 "
"ITV: Manresa , Polígono Industrial ""Bufalvent"" - c/ Esteve Terrades, 2-4 ";"Barcelona ";"Manresa ";"Polígono Industrial ""Bufalvent"" - c/ Esteve Terrades, 2-4 ";"+34 902 790 791 "
"ITV: Sabadell , P.I. Can Roqueta; c/ Can Camps, s/n ";"Barcelona ";"Sabadell ";"P.I. Can Roqueta; c/ Can Camps, s/n ";"902 930 200 "
"ITV: Sant Andreu de la Barca , Antigua carretera N-II Km 592,5. ";"Barcelona ";"Sant Andreu de la Barca ";"Antigua carretera N-II Km 592,5. ";"902 930 200 "
"ITV: Sant Celoni , Ctra. Gualba, 41-43 ";"Barcelona ";"Sant Celoni ";"Ctra. Gualba, 41-43 ";"931 17 90 70 "
"ITV: Sant Cugat del Vallès , Carretera Rubi S/N ";"Barcelona ";"Sant Cugat del Vallès ";"Carretera Rubi S/N ";"+34 936 756 948 "
"ITV: Sant Cugat del Vallès , C/ Amposta, 2. Polg. Ind. Sant Mamet ";"Barcelona ";"Sant Cugat del Vallès ";"C/ Amposta, 2. Polg. Ind. Sant Mamet ";"+34 902 790 791 "
"ITV: Sant Joan Despí , Carrer Major 3 ";"Barcelona ";"Sant Joan Despí ";"Carrer Major 3 ";"902 930 200 "
"ITV: Sant Just desvern , P.I. 1; Av. Riera, 19-21 ";"Barcelona ";"Sant Just desvern ";"P.I. 1; Av. Riera, 19-21 ";"902 930 200 "
"ITV: Sant Miquel d Olerdola , P.I. Sant Pere Molanta  ";"Barcelona ";"Sant Miquel d Olerdola ";"P.I. Sant Pere Molanta  ";"902 127 600 "
"ITV: Santa Perpètua de Mogoda , Carrer Valles S/N ";"Barcelona ";"Santa Perpètua de Mogoda ";"Carrer Valles S/N ";"+34 935 606 118 "
"ITV: Santa Perpètua de Mogoda , Calle Valles 13 ";"Barcelona ";"Santa Perpètua de Mogoda ";"Calle Valles 13 ";"+34 935 744 754 "
"ITV: Santa Perpetua Mogoda , c/ Pont Vell, s/n - Parcela 13 - Zona A Centro Integral Mercaderías - Pol. Ind. ""Les Minetes"" ";"Barcelona ";"Santa Perpetua Mogoda ";"c/ Pont Vell, s/n - Parcela 13 - Zona A Centro Integral Mercaderías - Pol. Ind. ""Les Minetes"" ";"+34 902 790 791 "
"ITV: Terrassa , Pol. Ind. Can Trias ";"Barcelona ";"Terrassa ";"Pol. Ind. Can Trias ";"+34 937 333 045 "
"ITV: Vic , c. St. Llorenç Desmunts, 22 - Pol. Ind. Malloles - 08500 ";"Barcelona ";"Vic ";"c. St. Llorenç Desmunts, 22 - Pol. Ind. Malloles - 08500 ";"902 313 231 "
"ITV: Vilanova i la Geltrú , P.I. nº 2 de Roquetes; Rda Europa, s/n ";"Barcelona ";"Vilanova i la Geltrú ";"P.I. nº 2 de Roquetes; Rda Europa, s/n ";"902 930 200 "
"ITV: Villadecavalls , Ctra. de Terrassa a Manresa, C58, km.1'8 Polígono Industrial ""Can Trias"" ";"Barcelona ";"Villadecavalls ";"Ctra. de Terrassa a Manresa, C58, km.1'8 Polígono Industrial ""Can Trias"" ";"902 790 791 "
"ITV: Blanes , P.I. C. de l’Estació; Ctra. de l’estació, 47. ";"Girona ";"Blanes ";"P.I. C. de l’Estació; Ctra. de l’estació, 47. ";"902 313 231  "
"ITV: Celrà , c. Pirineus, s/n - Pol. Ind. Celrà - 17460 Celrà ";"Girona ";"Celrà ";"c. Pirineus, s/n - Pol. Ind. Celrà - 17460 Celrà ";"902 313 231 "
"ITV: Girona , c. Sarrià de Ter, s/n - Pol. Ind. Mas Xirgu - 17006 ";"Girona ";"Girona ";"c. Sarrià de Ter, s/n - Pol. Ind. Mas Xirgu - 17006 ";"902 31 32 31 "
"ITV: Olot , c. França, s/n - Pol. Ind. Pla de baix - 17800 ";"Girona ";"Olot ";"c. França, s/n - Pol. Ind. Pla de baix - 17800 ";"902 31 32 31 "
"ITV: Palamós , Pol. Ind. Pla de St. Joan - 17230 ";"Girona ";"Palamós ";"Pol. Ind. Pla de St. Joan - 17230 ";"902 31 32 31 "
"ITV: Puigcerdà , P. I. de la Estación, c/ Zona Ind., 2.  ";"Girona ";"Puigcerdà ";"P. I. de la Estación, c/ Zona Ind., 2.  ";"902 930 200 "
"ITV: Puigcerdà , Industrial Sector Estacio S/N ";"Girona ";"Puigcerdà ";"Industrial Sector Estacio S/N ";"902 930 200 "
"ITV: Ripoll , Passeig d'Ordina, s/n - 17500 ";"Girona ";"Ripoll ";"Passeig d'Ordina, s/n - 17500 ";"902 313 231 "
"ITV: Vilamalla , c. Castelló, s/n - Pol. Ind. Empordà Internacional - 17469 ";"Girona ";"Vilamalla ";"c. Castelló, s/n - Pol. Ind. Empordà Internacional - 17469 ";"902 313 231  "
"ITV: Artesa del Segre , Ctra. K-512; Km. 0,900   ";"Lleida ";"Artesa del Segre ";"Ctra. K-512; Km. 0,900   ";"902 930 200 "
"ITV: Granyanella , Ctra. N-II, Km. 512,700. ";"Lleida ";"Granyanella ";"Ctra. N-II, Km. 512,700. ";"902 930 200 "
"ITV: Lleida , Poligono Pol.indust. El Segre S/N ";"Lleida ";"Lleida ";"Poligono Pol.indust. El Segre S/N ";"902 930 200 "
"ITV: Lleida , P.I. El Segre; C/ Enginyer Mias, parcela 508   ";"Lleida ";"Lleida ";"P.I. El Segre; C/ Enginyer Mias, parcela 508   ";"902 127 600  "
"ITV: Montardit de Baix , Ctra. N-260, Km. 284,200. ";"Lleida ";"Montardit de Baix ";"Ctra. N-260, Km. 284,200. ";"902 127 600  "
"ITV: Montferrer i Castellbò , Ctra. N-260 ""Eix Pirenaic"" de Puigcerdá a Sabiñánigo, km. 230'5 ";"Lleida ";"Montferrer i Castellbò ";"Ctra. N-260 ""Eix Pirenaic"" de Puigcerdá a Sabiñánigo, km. 230'5 ";"+34 902 790 791 "
"ITV: Montferrer i Castellbò , Calle Cra. Nacional 260 S/N ";"Lleida ";"Montferrer i Castellbò ";"Calle Cra. Nacional 260 S/N ";"+34 973 354 403 "
"ITV: Solsosna , Pol. Ind. ""Els Ametllers"" - Parcela núm. 7 ";"Lleida ";"Solsosna ";"Pol. Ind. ""Els Ametllers"" - Parcela núm. 7 ";"+34 902 790 791 "
"ITV: Tremp , Ctra. Comarcal 1412, Km. 54  ";"Lleida ";"Tremp ";"Ctra. Comarcal 1412, Km. 54  ";"902 930 200 "
"ITV: Vielha- Mijaran , Ctra. N-230, Km. 164,4. ";"Lleida ";"Vielha- Mijaran ";"Ctra. N-230, Km. 164,4. ";"902 930 200 "
"ITV: Montblanc , Carretera Rojals S/N ";"Tarragona ";"Montblanc ";"Carretera Rojals S/N ";"902 930 200 "
"ITV: Montblanc , Ctra. Comarcal TV 7042, Km. 11,200.  ";"Tarragona ";"Montblanc ";"Ctra. Comarcal TV 7042, Km. 11,200.  ";"902 930 200 "
"ITV: Mora de Nova , Carrer Oliveres ";"Tarragona ";"Mora de Nova ";"Carrer Oliveres ";"902 930 200 "
"ITV: Reus , CTRA. N-340, KM. . ";"Tarragona ";"Reus ";"CTRA. N-340, KM. . ";"902 930 200 "
"ITV: Tarragona , Cmno. de la Budellera.  ";"Tarragona ";"Tarragona ";"Cmno. de la Budellera.  ";"902 127 600  "
"ITV: Tortosa , Cmno. de la Budellera  ";"Tarragona ";"Tortosa ";"Cmno. de la Budellera  ";"902 127 600 "
"ITV: Ceuta , P. I. Alboran, Arroyo de las Bombas ";"Ceuta ";"Ceuta ";"P. I. Alboran, Arroyo de las Bombas ";"+34 956 507 374 "
"ITV: Almendralejo , Pol. Ind. Tierra de Barros, Camino Vereda Corona, S/N ";"Badajoz ";"Almendralejo ";"Pol. Ind. Tierra de Barros, Camino Vereda Corona, S/N ";"902 48 80 00 "
"ITV: Badajoz , P. I. El Nevero; Av. Miguel de Fabra, s/n.  ";"Badajoz ";"Badajoz ";"P. I. El Nevero; Av. Miguel de Fabra, s/n.  ";"+34 924 013 706 "
"ITV: Mérida , Ctra. Montijo, Km. 61.  ";"Badajoz ";"Mérida ";"Ctra. Montijo, Km. 61.  ";"+34 924 009 800 "
"ITV: Olivenza , Ctra. Alcochel, s/n ";"Badajoz ";"Olivenza ";"Ctra. Alcochel, s/n ";"924 492 972 "
"ITV: Villanueva de la Serena , P.I. La Barca, s/n.  ";"Badajoz ";"Villanueva de la Serena ";"P.I. La Barca, s/n.  ";"+34 924 021 938 "
"ITV: Zafra , P.I. Los Caños; C/ Río Bodion, 12.  ";"Badajoz ";"Zafra ";"P.I. Los Caños; C/ Río Bodion, 12.  ";"+34 924 029 976 "
"ITV: Cáceres , Ctra. N-630 Km 558. ";"Cáceres ";"Cáceres ";"Ctra. N-630 Km 558. ";"+34 927 006 792 "
"ITV: Coria , Ctra. Coria a Navalmoral, Km. 1,5  ";"Cáceres ";"Coria ";"Ctra. Coria a Navalmoral, Km. 1,5  ";"+34 927 013 092 "
"ITV: Moraleja , P.I. La Cañada; C/ Chorrerón, s/n. ";"Cáceres ";"Moraleja ";"P.I. La Cañada; C/ Chorrerón, s/n. ";"+34 927 013 706 "
"ITV: Navalmoral de la mata , Antigua N-V, km 179 ";"Cáceres ";"Navalmoral de la mata ";"Antigua N-V, km 179 ";"+34 927 016 644 "
"ITV: Plasencia , Calle Goicoechea 1 ";"Cáceres ";"Plasencia ";"Calle Goicoechea 1 ";"+34 927 017 882 "
"ITV: Trujillo , Pol. Ind.. La Dehesilla ";"Cáceres ";"Trujillo ";"Pol. Ind.. La Dehesilla ";"+34 927 027 616 "
"ITV: Arteixo , P. I. Sabón, parcela 69  ";"A Coruña ";"Arteixo ";"P. I. Sabón, parcela 69  ";"+34 981 602 720 "
"ITV: Cacheritas-Teo , Ctra. Santiago a Estrada, Km. 6 ";"A Coruña ";"Cacheritas-Teo ";"Ctra. Santiago a Estrada, Km. 6 ";"+34 981 806 009 "
"ITV: Espiritu Santo-Sada , Ctra. A-6 km 582  ";"A Coruña ";"Espiritu Santo-Sada ";"Ctra. A-6 km 582  ";"+34 981 611 661 "
"ITV: Narón , P.I. La Gándara; Av. Del Mar, 106  ";"A Coruña ";"Narón ";"P.I. La Gándara; Av. Del Mar, 106  ";"+34 981 315 051 "
"ITV: Santiago , P.I.Tambre; C/ Vía de Cierva  ";"A Coruña ";"Santiago ";"P.I.Tambre; C/ Vía de Cierva  ";"+34 981 571 100 "
"ITV: Foz , C/ Chelas. ";"Lugo ";"Foz ";"C/ Chelas. ";"+34 982 135 507 "
"ITV: Lugo , P.I. O'Ceao; Rua Comunicaciones, P. 98 B.  ";"Lugo ";"Lugo ";"P.I. O'Ceao; Rua Comunicaciones, P. 98 B.  ";"+34 982 209 037 "
"ITV: Montforte de lemos , C/ Morín, s/n.  ";"Lugo ";"Montforte de lemos ";"C/ Morín, s/n.  ";"+34 982 410 412 "
"ITV: Viveiro , Barrio Xunqueira S/N ";"Lugo ";"Viveiro ";"Barrio Xunqueira S/N ";"+34 982 550 483 "
"ITV: O Barco , Av. Do Sil, 35  ";"Ourense ";"O Barco ";"Av. Do Sil, 35  ";"+34 988 325 155 "
"ITV: Ourense , Parque Empresarial Pereiro de Aguiar  ";"Ourense ";"Ourense ";"Parque Empresarial Pereiro de Aguiar  ";"+34 988 249 712 "
"ITV: Verin , P.I. Pazos, parcela A 6 ";"Ourense ";"Verin ";"P.I. Pazos, parcela A 6 ";"+34 988 411 539 "
"ITV: Xinzo de Limia , Polígono Industrial de Xinzo de Limia  ";"Ourense ";"Xinzo de Limia ";"Polígono Industrial de Xinzo de Limia  ";"+34 881 920 492 "
"ITV: Barro , Ctra. Villagarcía, Km. 7,5  ";"Pontevedra ";"Barro ";"Ctra. Villagarcía, Km. 7,5  ";"+34 986 713 360 "
"ITV: Lalín , Parque Empresarial Lalín 2000, parcela B 52  ";"Pontevedra ";"Lalín ";"Parque Empresarial Lalín 2000, parcela B 52  ";"+34 986 794 103 "
"ITV: O Porriño , Barrio Gandaras S/N ";"Pontevedra ";"O Porriño ";"Barrio Gandaras S/N ";"+34 986 333 992 "
"ITV: Pontebora , Ctra. N-541 km 88,7.  ";"Pontevedra ";"Pontebora ";"Ctra. N-541 km 88,7.  ";"+34 986 865 020 "
"ITV: Vigo- Peinador , Av. Aeropuerto, 770  ";"Pontevedra ";"Vigo- Peinador ";"Av. Aeropuerto, 770  ";"+34 986 486 936 "
"ITV: Villagarcía de Arousa , P.I. Travanca Badiña; Rua Patiño, 27-31  ";"Pontevedra ";"Villagarcía de Arousa ";"P.I. Travanca Badiña; Rua Patiño, 27-31  ";"+34 986 501 024 "
"ITV: Ferrol , Calle Alvaro Cunqueiro 1 ";"A Coruña ";"Ferrol ";"Calle Alvaro Cunqueiro 1 ";"+34 981 350 711 "
"ITV: Ribeira , Carretera 550 ";"A Coruña ";"Ribeira ";"Carretera 550 ";"+34 981 872 400 "
"ITV: Calahorra , P.I. Tejerías Norte; C/ Rifondo, 7  ";"La Rioja ";"Calahorra ";"P.I. Tejerías Norte; C/ Rifondo, 7  ";"+34 941 146 814 "
"ITV: Logroño , Calle Barriguelo 6 ";"La Rioja ";"Logroño ";"Calle Barriguelo 6 ";"+34 941 241 276 "
"ITV: Logroño , Calle Soto Galo 8 ";"La Rioja ";"Logroño ";"Calle Soto Galo 8 ";"+34 941 242 803 "
"ITV: Santo Domingo de la Calzada , Ctra. Burgos km 46  ";"La Rioja ";"Santo Domingo de la Calzada ";"Ctra. Burgos km 46  ";"+34 941 342 710 "
"ITV: Alcalá de Henares , P.I. Camporroso; Ctra. Daganzo, Km. 5,3.  ";"Madrid ";"Alcalá de Henares ";"P.I. Camporroso; Ctra. Daganzo, Km. 5,3.  ";"+34 918 818 063 "
"ITV: Alcalá de Henares , Avda Juan Carlos I s/n ";"Madrid ";"Alcalá de Henares ";"Avda Juan Carlos I s/n ";"91.218.90.75 "
"ITV: Alcobendas , Autovía A1 Madrid-Burgos. salida 23 ";"Madrid ";"Alcobendas ";"Autovía A1 Madrid-Burgos. salida 23 ";"+34 916 527 256 "
"ITV: Alcobendas , Avda. Fuencarral, 100 ";"Madrid ";"Alcobendas ";"Avda. Fuencarral, 100  ";"+34 914 901 117 "
"ITV: Alcobendas , Calle de la Maliciosa, 1 ";"Madrid ";"Alcobendas ";"Calle de la Maliciosa, 1 ";"902 93 22 00 "
"ITV: Alcobendas , Avenida Peñalara, 29 ";"Madrid ";"Alcobendas ";"Avenida Peñalara, 29 ";"912 78 37 21 "
"ITV: Alcorcón , P. I. Urtinsa; C/ Las Fábricas, 17.  ";"Madrid ";"Alcorcón ";"P. I. Urtinsa; C/ Las Fábricas, 17.  ";"+34 916 435 618 "
"ITV: Alcorcón , Calle las Fabricas 17 ";"Madrid ";"Alcorcón ";"Calle las Fabricas 17 ";"+34 916 437 953 "
"ITV: Aranjuez , P. I. Gonzalo Chacón, parcela 6.  ";"Madrid ";"Aranjuez ";"P. I. Gonzalo Chacón, parcela 6.  ";"+34 918 754 933 "
"ITV: Arganda del Rey , Camino del Puente Viejo S/N ";"Madrid ";"Arganda del Rey ";"Camino del Puente Viejo S/N ";"+34 918 714 114 "
"ITV: Coslada , Av. San Pablo, 29  ";"Madrid ";"Coslada ";"Av. San Pablo, 29  ";"+34 916 740 912 "
"ITV: Coslada , C/ Mar Mediterráneo, 38 ";"Madrid ";"Coslada ";"C/ Mar Mediterráneo, 38 ";"916710100 "
"ITV: Getafe , Calle Andalucia S/N ";"Madrid ";"Getafe ";"Calle Andalucia S/N ";"+34 916 919 414 "
"ITV: Getafe , Carretera Andalucia S/N ";"Madrid ";"Getafe ";"Carretera Andalucia S/N ";"+34 916 957 950 "
"ITV: Getafe , Ctra. A-4 km 15,400. ";"Madrid ";"Getafe ";"Ctra. A-4 km 15,400. ";"+34 916 958 658 "
"ITV: Las Rozas de Madrid , Calle Rozabella 2 ";"Madrid ";"Las Rozas de Madrid ";"Calle Rozabella 2 ";"+34 916 404 070 "
"ITV: Las Rozas de Madrid , Carretera Coruña S/N ";"Madrid ";"Las Rozas de Madrid ";"Carretera Coruña S/N ";"+34 916 374 904 "
"ITV: Las Rozas de Madrid , Ctra. A-6 km 20,400.  ";"Madrid ";"Las Rozas de Madrid ";"Ctra. A-6 km 20,400.  ";"+34 916 377 161 "
"ITV: Leganés , Calle de Esteban Terradas S/N ";"Madrid ";"Leganés ";"Calle de Esteban Terradas S/N ";"+34 916 885 046 "
"ITV: Lozoyuela-Navas-Sieteiglesias , Carretera N-i (madrid-burgos) ";"Madrid ";"Lozoyuela-Navas-Sieteiglesias ";"Carretera N-i (madrid-burgos) ";"+34 918 694 519 "
"ITV: Lozoyuela-Navas-Sieteiglesias , Ctra. A-1 km 67.  ";"Madrid ";"Lozoyuela-Navas-Sieteiglesias ";"Ctra. A-1 km 67.  ";"+34 918 694 212 "
"ITV: Madrid , Carretera Villaverde A Vallecas S/N ";"Madrid ";"Madrid ";"Carretera Villaverde A Vallecas S/N ";"+34 917 859 112 "
"ITV: Madrid , Calle San Ramon Nonato 2 ";"Madrid ";"Madrid ";"Calle San Ramon Nonato 2 ";
"ITV: Madrid , Calle Castello 66 ";"Madrid ";"Madrid ";"Calle Castello 66 ";"+34 914 310 194 "
"ITV: Madrid , Calle de Francisco Palau y Quer 5 posterior ";"Madrid ";"Madrid ";"Calle de Francisco Palau y Quer 5 posterior ";"+34 913 152 961 "
"ITV: Madrid , Avenida Alberto Alcocer 5 ";"Madrid ";"Madrid ";"Avenida Alberto Alcocer 5 ";"+34 913 504 139 "
"ITV: Madrid , AV/ PARQUE 2B. POL. IND. DE VICÁLVARO. 28052. MADRID (ESQUINA C/ PIROTECNIA) ";"Madrid ";"Madrid ";"AV/ PARQUE 2B. POL. IND. DE VICÁLVARO. 28052. MADRID (ESQUINA C/ PIROTECNIA) ";"918264014 "
"ITV: Majadahonda , C/ DE LA FRESA Nº12, POL. COMERCIAL EL CARRALERO. 28222 MAJADAHONDA ";"Madrid ";"Majadahonda ";"C/ DE LA FRESA Nº12, POL. COMERCIAL EL CARRALERO. 28222 MAJADAHONDA ";"918 317 597 "
"ITV: Móstoles , Federico Cantero Villamil, 18 ";"Madrid ";"Móstoles ";"Federico Cantero Villamil, 18 ";"911 729 519 "
"ITV: Móstoles , Julio Cervera, 21 ";"Madrid ";"Móstoles ";"Julio Cervera, 21 ";"916 65 56 08 "
"ITV: Móstoles , Pol. Ind. La Fuensanta, Calle Reguera 14 ";"Madrid ";"Móstoles ";"Pol. Ind. La Fuensanta, Calle Reguera 14 ";"910 50 99 99 "
"ITV: Navalcarnero , Polig. Ind. El Alparrache, Pº del Alparrache, 26 ";"Madrid ";"Navalcarnero ";"Polig. Ind. El Alparrache, Pº del Alparrache, 26 ";"+34 918 115 155 "
"ITV: Navas del Rey , Ctra. Alcorcón-Plasencia km 41.  ";"Madrid ";"Navas del Rey ";"Ctra. Alcorcón-Plasencia km 41.  ";"+34 918 650 591 "
"ITV: Parla , Ctra. Parla-Pinto km 1. ";"Madrid ";"Parla ";"Ctra. Parla-Pinto km 1. ";"+34 916 991 917 "
"ITV: Pinto , C/ Carpinteros, 13 ";"Madrid ";"Pinto ";"C/ Carpinteros, 13 ";"902 93 22 00 "
"ITV: Pozuelo de Alarcón , Avda de Europa, 17 ";"Madrid ";"Pozuelo de Alarcón ";"Avda de Europa, 17 ";"+34 913 511 314 "
"ITV: Rivas , Mariano Barbacid, 8 ";"Madrid ";"Rivas ";"Mariano Barbacid, 8 ";"91 050 99 99 "
"ITV: Rivas , Calle Cincel 2-B ";"Madrid ";"Rivas ";"Calle Cincel 2-B ";"916 66 10 04 "
"ITV: San Sebastián de los Reyes , Ctra A-1 km 23,500 ";"Madrid ";"San Sebastián de los Reyes ";"Ctra A-1 km 23,500 ";"+34 916 527 177 "
"ITV: San Sebastián de los Reyes , Carretera Madrid-Burgos-Irun S/N ";"Madrid ";"San Sebastián de los Reyes ";"Carretera Madrid-Burgos-Irun S/N ";"+34 916 527 177 "
"ITV: San Sebastián de los Reyes , Carretera N-i (burgos) S/N ";"Madrid ";"San Sebastián de los Reyes ";"Carretera N-i (burgos) S/N ";"+34 916 527 854 "
"ITV: San Sebastián de los Reyes , Av. Fuente Nueva, 7 ";"Madrid ";"San Sebastián de los Reyes ";"Av. Fuente Nueva, 7 ";"911 77 44 64 "
"ITV: Tres Cantos , Ctra. M-607, Km. 24; Av. Industria, 51.  ";"Madrid ";"Tres Cantos ";"Ctra. M-607, Km. 24; Av. Industria, 51.  ";"+34 918 031 193 "
"ITV: Villalba , Ctra A-6 km 37,600 ";"Madrid ";"Villalba ";"Ctra A-6 km 37,600 ";"+34 918 511 687 "
"ITV: Villarejo de Salvanés , Avenida Juan Carlos I Rey De Espa S/N ";"Madrid ";"Villarejo de Salvanés ";"Avenida Juan Carlos I Rey De Espa S/N ";"+34 918 745 363 "
"ITV: Melilla , Carretera Del Dique Sur S/N ";"Melilla ";"Melilla ";"Carretera Del Dique Sur S/N ";"+34 952 691 895 "
"ITV: Alcantarilla , Ctra de Mula, Km. 1,8   ";"Murcia ";"Alcantarilla ";"Ctra de Mula, Km. 1,8   ";"+34 968 890 039 "
"ITV: Caravaca de la Cruz , P.I. Venta Cavila; Ctra. Granada, s/n.  ";"Murcia ";"Caravaca de la Cruz ";"P.I. Venta Cavila; Ctra. Granada, s/n.  ";"+34 968 725 502 "
"ITV: Cartagena , Lugar la Asomada S/N ";"Murcia ";"Cartagena ";"Lugar la Asomada S/N ";"+34 968 324 036 "
"ITV: Cartagena , Avenida Bruselas 2 ";"Murcia ";"Cartagena ";"Avenida Bruselas 2 ";"+34 968 520 837 "
"ITV: Espinardo , Calle Central 2 ";"Murcia ";"Espinardo ";"Calle Central 2 ";"+34 968 307 444 "
"ITV: Jumilla , Ctra. N-344, Km. 73,300.  ";"Murcia ";"Jumilla ";"Ctra. N-344, Km. 73,300.  ";"+34 968 782 518 "
"ITV: Lorca , P.I. Saprelorca.  ";"Murcia ";"Lorca ";"P.I. Saprelorca.  ";"+34 968 460 761 "
"ITV: Molina de Segura , P. I. La Serreta; C/ Buenos Aires, 62   ";"Murcia ";"Molina de Segura ";"P. I. La Serreta; C/ Buenos Aires, 62   ";"+34 968 645 491 "
"ITV: San Pedro del Pinar , P.I. Las Beatas, s/n. ";"Murcia ";"San Pedro del Pinar ";"P.I. Las Beatas, s/n. ";"+34 968 188 083 "
"ITV: Arbizu , Pgno. Ind. Utzubar parc. P-5 y P-4 B 31839 Arbizu ";"Navarra ";"Arbizu ";"Pgno. Ind. Utzubar parc. P-5 y P-4 B 31839 Arbizu ";"+34 948 46 18 3 "
"ITV: Doneztebe/Santesteban , Carretera N-121 A, km.49 Área de servicio 31740 ";"Navarra ";"Doneztebe/Santesteban ";"Carretera N-121 A, km.49 Área de servicio 31740 ";"+34 948 456 041 "
"ITV: Noain , P.I. Talluntxe II; C/ C, nave 62  ";"Navarra ";"Noain ";"P.I. Talluntxe II; C/ C, nave 62  ";"+34 948 312 759 "
"ITV: Pamplona , Mercairuña. C/ Soto Aizoain, s/n   ";"Navarra ";"Pamplona ";"Mercairuña. C/ Soto Aizoain, s/n   ";"+34 948 354 968 "
"ITV: Peralta , Ctra. Pamplona a Madrid, Km. 59  ";"Navarra ";"Peralta ";"Ctra. Pamplona a Madrid, Km. 59  ";"+34 948 750 554 "
"ITV: Sada , Carretera de la Coruña S/N ";"Navarra ";"Sada ";"Carretera de la Coruña S/N ";"+34 981 611 661 "
"ITV: Tudela , P.I. Las Labradas, parcelas 5.3 y 5.4   ";"Navarra ";"Tudela ";"P.I. Las Labradas, parcelas 5.3 y 5.4   ";"+34 948 847 000 "
"ITV: Vitoria-Gasteiz , Calle Lermandabidea 13 ";"Álava ";"Vitoria-Gasteiz ";"Calle Lermandabidea 13 ";"+34 945 292 772 "
"ITV: Bergara , C/ Santalaitz, 2 ";"Guipúzcoa ";"Bergara ";"C/ Santalaitz, 2 ";"+34 943 769 753 "
"ITV: Irún , Av. Europa, 26.  ";"Guipúzcoa ";"Irún ";"Av. Europa, 26.  ";"+34 943 626 300 "
"ITV: Urnieta , Ayuntamiento ";"Guipúzcoa ";"Urnieta ";"Ayuntamiento ";
"ITV: Amorebieta , Poligono Zubieta S/N ";"Vizcaya ";"Amorebieta ";"Poligono Zubieta S/N ";"+34 946 308 833 "
"ITV: Arrigorriaga , Autopista A-68 (Área de servicio)  ";"Vizcaya ";"Arrigorriaga ";"Autopista A-68 (Área de servicio)  ";"+34 946 711 713 "
"ITV: Derio , Poligono Ugaldeguren I Poligonoa S/N ";"Vizcaya ";"Derio ";"Poligono Ugaldeguren I Poligonoa S/N ";"+34 944 522 020 "
"ITV: Valle de Trápaga , Barrio El Juncal, s/n  ";"Vizcaya ";"Valle de Trápaga ";"Barrio El Juncal, s/n  ";"+34 944 781 214 "
"ITV: Alcoy , Ctra. Font Roja, 21 ";"Alicante ";"Alcoy ";"Ctra. Font Roja, 21 ";"+34 965 545 455 "
"ITV: Alicante , Calle 5 Polígono Industrial Pla de la Vallonga ";"Alicante ";"Alicante ";"Calle 5 Polígono Industrial Pla de la Vallonga ";"902 196 196 "
"ITV: Aspe , Aspe ";"Alicante ";"Aspe ";"Aspe ";"902 196 196 "
"ITV: Benidorm , Av. Comunidad Valenciana, S/N ";"Alicante ";"Benidorm ";"Av. Comunidad Valenciana, S/N ";"902 196 196  "
"ITV: Caspe , Caspe ";"Alicante ";"Caspe ";"Caspe ";"902 196 196 "
"ITV: Crevillente , Crevillente ";"Alicante ";"Crevillente ";"Crevillente ";"902 196 196 "
"ITV: Denia , Ctra. Denia-Ondara, s/n ";"Alicante ";"Denia ";"Ctra. Denia-Ondara, s/n ";"+34 966 435 443 "
"ITV: Elche , Ctra. Aspe, s/n   ";"Alicante ";"Elche ";"Ctra. Aspe, s/n   ";"+34 966 656 686 "
"ITV: Elda , Elda ";"Alicante ";"Elda ";"Elda ";"+34 620 998 10 "
"ITV: Monovar , Monovar ";"Alicante ";"Monovar ";"Monovar ";"+34 620 998 10 "
"ITV: Novelda , Novelda ";"Alicante ";"Novelda ";"Novelda ";"+34 620 998 108 "
"ITV: Orchuela - San Bartolome , Ctra. Orihuela-Almoradi, Km. 8,300  ";"Alicante ";"Orchuela - San Bartolome ";"Ctra. Orihuela-Almoradi, Km. 8,300  ";"+34 965 367 182 "
"ITV: Pilar de la Horadada , Avenida los Villenas 1 ";"Alicante ";"Pilar de la Horadada ";"Avenida los Villenas 1 ";"+34 966 767 451 "
"ITV: Pilar de la Horadada , Calle Ulises S/N ";"Alicante ";"Pilar de la Horadada ";"Calle Ulises S/N ";"+34 965 976 068 "
"ITV: Pilar de la Horadada , Pilar de la Horadada ";"Alicante ";"Pilar de la Horadada ";"Pilar de la Horadada ";"+34 966 767 273 "
"ITV: Pinoso , Pinoso ";"Alicante ";"Pinoso ";"Pinoso ";"+34 620 998 10 "
"ITV: Redován , Carretera N- ";"Alicante ";"Redován ";"Carretera N- ";"+34 620 998 108 "
"ITV: Redován , Ctra. N-340, Km. 691,500   ";"Alicante ";"Redován ";"Ctra. N-340, Km. 691,500   ";"+34 966 754 497 "
"ITV: Santa Pola , Santa Pola ";"Alicante ";"Santa Pola ";"Santa Pola ";"902 196 196 "
"ITV: Torrevieja , Carretera Crevillente S/N ";"Alicante ";"Torrevieja ";"Carretera Crevillente S/N ";"+34 966 707 632 "
"ITV: Torrevieja , Paseo Vistalegre 1 ";"Alicante ";"Torrevieja ";"Paseo Vistalegre 1 ";"+34 965 716 092 "
"ITV: Torrevieja , Ctra. Crevillente-Torrevieja, Urb. Torreta, 2   ";"Alicante ";"Torrevieja ";"Ctra. Crevillente-Torrevieja, Urb. Torreta, 2   ";"+34 966 707 474 "
"ITV: Villena , Autovía E-7; Km. 48  ";"Alicante ";"Villena ";"Autovía E-7; Km. 48  ";"+34 965 817 057 "
"ITV: Adzaneta maestrazgo , Adzaneta maestrazgo ";"Castellón ";"Adzaneta maestrazgo ";"Adzaneta maestrazgo ";"902 120 013 "
"ITV: Albocacer , Albocacer ";"Castellón ";"Albocacer ";"Albocacer ";"902 120 013 "
"ITV: Alcala chivert , Alcala chivert ";"Castellón ";"Alcala chivert ";"Alcala chivert ";"902 120 013 "
"ITV: Alcora , Alcora ";"Castellón ";"Alcora ";"Alcora ";"902 120 013 "
"ITV: Benasal , Benasal ";"Castellón ";"Benasal ";"Benasal ";"902 120 013 "
"ITV: Borriol , Borriol ";"Castellón ";"Borriol ";"Borriol ";"902 120 013 "
"ITV: Castellón de la Plana , Av. Valencia, 168  ";"Castellón ";"Castellón de la Plana ";"Av. Valencia, 168  ";"902 120 013 "
"ITV: Coves vinroma , Coves vinroma ";"Castellón ";"Coves vinroma ";"Coves vinroma ";"902 120 013 "
"ITV: Jerica , Jerica ";"Castellón ";"Jerica ";"Jerica ";"902 120 013 "
"ITV: Lucena Cid , Lucena Cid ";"Castellón ";"Lucena Cid ";"Lucena Cid ";"902 120 013 "
"ITV: Morella , Morella ";"Castellón ";"Morella ";"Morella ";"902 120 013 "
"ITV: San Mateo , San Mateo ";"Castellón ";"San Mateo ";"San Mateo ";"902 120 013 "
"ITV: Segobe , Segobe ";"Castellón ";"Segobe ";"Segobe ";"902 120 013 "
"ITV: Torreblanca , Torreblanca ";"Castellón ";"Torreblanca ";"Torreblanca ";"902 120 013 "
"ITV: Vall d ´uxo , Vall d ´uxo ";"Castellón ";"Vall d ´uxo ";"Vall d ´uxo ";"902 120 013 "
"ITV: Villafranca cid , Villafranca cid ";"Castellón ";"Villafranca cid ";"Villafranca cid ";"902 120 013 "
"ITV: Villareal Infantes , Ctra. N-340, Km. 55 ;C/ Azagador, s/n   ";"Castellón ";"Villareal Infantes ";"Ctra. N-340, Km. 55 ;C/ Azagador, s/n   ";"902 120 013 "
"ITV: Viñaroz , C/ Juan XXIII, s/n ";"Castellón ";"Viñaroz ";"C/ Juan XXIII, s/n ";"902 120 013 "
"ITV: Viver , Viver ";"Castellón ";"Viver ";"Viver ";"902 120 013 "
"ITV: Ademuz , Ademuz ";"Valencia ";"Ademuz ";"Ademuz ";"+34 625 057 782 "
"ITV: Alzira , Carretera De Algemesi S/N ";"Valencia ";"Alzira ";"Carretera De Algemesi S/N ";"+34 962 418 273 "
"ITV: Buñol , Buñol ";"Valencia ";"Buñol ";"Buñol ";"+34 625 057 782 "
"ITV: Catarroja , Pol.Ind. EL BONY, c32 ";"Valencia ";"Catarroja ";"Pol.Ind. EL BONY, c32 ";"+34 96 126 7602 "
"ITV: Chelva , Chelva ";"Valencia ";"Chelva ";"Chelva ";"+34 625 057 782 "
"ITV: Gandia , Calle Els Llanterners 6 ";"Valencia ";"Gandia ";"Calle Els Llanterners 6 ";"+34 962 861 110 "
"ITV: Gandia , Avenida Alcodar S/N ";"Valencia ";"Gandia ";"Avenida Alcodar S/N ";"+34 962 868 079 "
"ITV: Godella , Plaza L'horta 3 ";"Valencia ";"Godella ";"Plaza L'horta 3 ";"+34 963 639 679 "
"ITV: Liria , Liria ";"Valencia ";"Liria ";"Liria ";"+34 625 057 782 "
"ITV: Llíria , Poligono Ind Pla de Rascana S/N ";"Valencia ";"Llíria ";"Poligono Ind Pla de Rascana S/N ";"+34 962 790 614 "
"ITV: Masalfasar , C/ Azagador de Liria, s/n.  ";"Valencia ";"Masalfasar ";"C/ Azagador de Liria, s/n.  ";"+34 961 400 661 "
"ITV: Onteniente , Avenida De Ramón Y Cajal S/N ";"Valencia ";"Onteniente ";"Avenida De Ramón Y Cajal S/N ";"+34 962 910 720 "
"ITV: Puerto de Sagunto , P.I. Ingruinsa, parcela 10ElPA.  ";"Valencia ";"Puerto de Sagunto ";"P.I. Ingruinsa, parcela 10ElPA.  ";"902 120 013  "
"ITV: Ribarroja , P.I. El Oliveral; C/ B.  ";"Valencia ";"Ribarroja ";"P.I. El Oliveral; C/ B.  ";"+34 961 668 181 "
"ITV: Tuéjar , Tuéjar ";"Valencia ";"Tuéjar ";"Tuéjar ";"+34 625 057 782 "
"ITV: Utiel , P. I. El Melero, parcelas 88 y 89.  ";"Valencia ";"Utiel ";"P. I. El Melero, parcelas 88 y 89.  ";"+34 962 171 562 "
"ITV: Valencia , Manuel de Falla, 10 ";"Valencia ";"Valencia ";"Manuel de Falla, 10 ";"+34 902 541 160 "
"ITV: Valencia , P.I. Vara de Quart; C/ Dels Gremis, 15   ";"Valencia ";"Valencia ";"P.I. Vara de Quart; C/ Dels Gremis, 15   ";"+34 963 136 000 "
"ITV: Villar , Villar ";"Valencia ";"Villar ";"Villar ";"+34 625 057 782 "
"ITV: Xátiva , P.I. L'Estret; C/ Fila Divendres, 11.  ";"Valencia ";"Xátiva ";"P.I. L'Estret; C/ Fila Divendres, 11.  ";"+34 962 283 747 "
